timestamp,cpu,ram,disco,latencia_ms,errores
2026-10-08T06:00:00,31.6,60.1,38.9,89,0
2026-10-08T06:01:00,37.9,60.9,39.0,92,0
2026-10-08T06:02:00,31.7,60.0,39.2,75,1
2026-10-08T06:03:00,32.7,60.2,39.1,89,0
2026-10-08T06:04:00,31.8,59.8,39.0,90,0
2026-10-08T06:05:00,32.8,58.9,38.9,76,0
2026-10-08T06:06:00,36.7,62.7,38.9,86,1
2026-10-08T06:07:00,33.7,60.1,39.1,92,0
2026-10-08T06:08:00,32.3,60.5,38.8,68,3
2026-10-08T06:09:00,30.4,61.3,39.0,76,1
2026-10-08T06:10:00,37.1,60.2,39.1,90,1
2026-10-08T06:11:00,30.1,62.7,38.9,75,0
2026-10-08T06:12:00,29.7,60.5,39.1,79,0
2026-10-08T06:13:00,35.8,59.2,39.2,85,0
2026-10-08T06:14:00,33.5,60.5,38.9,93,0
2026-10-08T06:15:00,36.3,61.4,39.1,94,0
2026-10-08T06:16:00,37.3,61.2,39.2,86,1
2026-10-08T06:17:00,35.7,63.1,39.1,101,2
2026-10-08T06:18:00,35.7,60.9,39.0,66,1
2026-10-08T06:19:00,33.0,61.0,39.0,86,0
2026-10-08T06:20:00,32.7,60.6,39.0,92,0
2026-10-08T06:21:00,34.7,61.2,38.9,93,0
2026-10-08T06:22:00,33.5,63.4,39.0,86,2
2026-10-08T06:23:00,36.7,60.4,38.9,84,0
2026-10-08T06:24:00,30.5,60.9,39.0,94,0
2026-10-08T06:25:00,36.5,61.8,38.8,88,2
2026-10-08T06:26:00,35.3,60.3,38.9,91,0
2026-10-08T06:27:00,33.7,60.9,39.0,92,0
2026-10-08T06:28:00,35.2,61.3,38.9,85,0
2026-10-08T06:29:00,39.7,60.7,39.0,87,0
2026-10-08T06:30:00,34.7,62.5,39.2,78,0
2026-10-08T06:31:00,33.6,60.2,38.9,76,0
2026-10-08T06:32:00,36.1,62.3,39.0,85,0
2026-10-08T06:33:00,33.7,60.2,38.7,90,0
2026-10-08T06:34:00,35.1,62.0,39.1,79,2
2026-10-08T06:35:00,32.5,63.3,39.0,100,0
2026-10-08T06:36:00,32.7,63.7,39.2,85,0
2026-10-08T06:37:00,32.4,61.3,39.1,82,0
2026-10-08T06:38:00,32.8,59.8,39.1,88,0
2026-10-08T06:39:00,35.1,59.4,39.1,89,0
2026-10-08T06:40:00,35.2,60.4,39.2,74,0
2026-10-08T06:41:00,31.7,60.7,38.9,78,0
2026-10-08T06:42:00,33.8,61.3,39.0,79,0
2026-10-08T06:43:00,31.7,60.9,38.8,81,1
2026-10-08T06:44:00,34.3,61.0,39.0,74,0
2026-10-08T06:45:00,38.1,59.2,39.1,83,1
2026-10-08T06:46:00,35.1,59.4,38.8,97,0
2026-10-08T06:47:00,30.0,61.1,39.0,88,0
2026-10-08T06:48:00,33.3,59.6,39.1,94,0
2026-10-08T06:49:00,31.5,61.6,39.0,91,0
2026-10-08T06:50:00,32.3,60.8,38.9,70,0
2026-10-08T06:51:00,34.6,63.6,39.0,83,0
2026-10-08T06:52:00,37.7,61.7,38.9,97,0
2026-10-08T06:53:00,36.7,58.8,39.0,85,1
2026-10-08T06:54:00,37.6,62.0,39.0,87,1
2026-10-08T06:55:00,37.9,61.9,39.2,85,0
2026-10-08T06:56:00,34.8,61.0,39.0,87,1
2026-10-08T06:57:00,33.3,61.1,38.9,78,0
2026-10-08T06:58:00,35.2,60.3,38.9,93,0
2026-10-08T06:59:00,32.4,61.8,38.9,78,2
2026-10-08T07:00:00,32.9,60.8,38.9,71,0
2026-10-08T07:01:00,34.5,63.4,39.2,85,2
2026-10-08T07:02:00,31.9,60.7,39.0,86,0
2026-10-08T07:03:00,33.4,59.8,39.1,89,1
2026-10-08T07:04:00,30.3,62.6,38.9,93,1
2026-10-08T07:05:00,34.6,61.3,38.9,81,1
2026-10-08T07:06:00,35.5,60.6,38.9,77,1
2026-10-08T07:07:00,37.9,60.9,38.9,86,1
2026-10-08T07:08:00,32.4,60.3,39.0,76,0
2026-10-08T07:09:00,34.0,60.5,39.1,73,0
2026-10-08T07:10:00,32.4,61.7,39.0,84,0
2026-10-08T07:11:00,37.4,63.1,39.1,93,2
2026-10-08T07:12:00,39.8,61.9,39.2,100,0
2026-10-08T07:13:00,41.6,64.8,39.0,108,2
2026-10-08T07:14:00,45.5,66.1,39.0,127,2
2026-10-08T07:15:00,53.9,65.1,39.1,135,6
2026-10-08T07:16:00,58.0,64.6,39.1,136,3
2026-10-08T07:17:00,58.2,68.1,39.1,142,10
2026-10-08T07:18:00,66.6,66.7,39.2,167,1
2026-10-08T07:19:00,67.5,68.5,39.0,168,3
2026-10-08T07:20:00,69.1,66.7,39.1,176,3
2026-10-08T07:21:00,75.0,69.9,39.2,182,7
2026-10-08T07:22:00,75.9,70.5,39.0,192,5
2026-10-08T07:23:00,80.3,70.7,39.1,219,9
2026-10-08T07:24:00,86.7,70.0,39.0,209,6
2026-10-08T07:25:00,85.9,71.4,39.1,231,9
2026-10-08T07:26:00,94.1,74.2,39.1,228,6
2026-10-08T07:27:00,90.7,73.0,38.9,235,5
2026-10-08T07:28:00,92.7,73.0,38.9,223,13
2026-10-08T07:29:00,89.9,72.8,39.2,225,7
2026-10-08T07:30:00,92.3,73.8,38.9,240,5
2026-10-08T07:31:00,92.6,73.6,38.9,232,8
2026-10-08T07:32:00,89.1,72.2,39.1,231,6
2026-10-08T07:33:00,94.1,73.4,39.1,244,1
2026-10-08T07:34:00,93.9,72.0,39.0,236,8
2026-10-08T07:35:00,94.4,73.0,39.1,228,4
2026-10-08T07:36:00,93.7,71.9,39.0,243,12
2026-10-08T07:37:00,95.8,75.2,39.0,220,11
2026-10-08T07:38:00,89.8,71.8,39.0,243,7
2026-10-08T07:39:00,94.0,72.8,39.1,232,9
2026-10-08T07:40:00,30.8,62.3,38.9,74,1
2026-10-08T07:41:00,30.9,62.8,38.9,82,0
2026-10-08T07:42:00,29.9,61.0,39.0,87,0
2026-10-08T07:43:00,37.7,61.1,39.1,87,0
2026-10-08T07:44:00,35.2,60.1,39.2,82,0
2026-10-08T07:45:00,33.7,61.1,38.9,75,0
2026-10-08T07:46:00,32.4,62.2,39.0,86,0
2026-10-08T07:47:00,31.4,62.5,39.0,91,0
2026-10-08T07:48:00,36.8,61.7,38.9,99,3
2026-10-08T07:49:00,32.7,60.1,39.1,71,0
2026-10-08T07:50:00,30.2,60.2,39.0,85,1
2026-10-08T07:51:00,35.0,61.7,39.0,103,1
2026-10-08T07:52:00,35.7,61.0,39.0,83,1
2026-10-08T07:53:00,33.5,62.7,39.1,85,0
2026-10-08T07:54:00,33.1,62.3,39.1,103,1
2026-10-08T07:55:00,32.3,60.3,39.0,81,0
2026-10-08T07:56:00,34.3,59.9,39.0,85,0
2026-10-08T07:57:00,36.6,60.9,38.9,97,0
2026-10-08T07:58:00,33.8,60.5,39.1,74,0
2026-10-08T07:59:00,34.7,61.9,38.9,95,0
